{"cameraMode":{"drawMode":0,"name":"Shaded","section":"Shading Mode"},"sceneLighting":false,"audioPlay":false,"sceneViewState":{"m_AlwaysRefresh":false,"showFog":false,"showSkybox":false,"showFlares":false,"showImageEffects":false,"showParticleSystems":false,"showVisualEffectGraphs":true,"m_FxEnabled":true},"in2DMode":false,"pivot":{"x":-0.26387280225753786,"y":0.7671501636505127,"z":0.2828214168548584},"rotation":{"x":0.06288478523492813,"y":-0.929113507270813,"z":0.3129570782184601,"w":0.18669289350509644},"size":0.7987462878227234,"orthographic":false}