{"cameraMode":{"drawMode":0,"name":"Shaded","section":"Shading Mode"},"sceneLighting":false,"audioPlay":false,"sceneViewState":{"m_AlwaysRefresh":false,"showFog":true,"showSkybox":false,"showFlares":true,"showImageEffects":true,"showParticleSystems":true,"showVisualEffectGraphs":true,"m_FxEnabled":true},"in2DMode":false,"pivot":{"x":0.2546626925468445,"y":1.6400365829467774,"z":-22.084922790527345},"rotation":{"x":0.0027905902825295927,"y":-0.9971933960914612,"z":0.049710359424352649,"w":0.056006912142038348},"size":3.6086361408233644,"orthographic":false}