{"cameraMode":{"drawMode":0,"name":"Shaded","section":"Shading Mode"},"sceneLighting":false,"audioPlay":false,"sceneViewState":{"m_AlwaysRefresh":false,"showFog":true,"showSkybox":false,"showFlares":true,"showImageEffects":true,"showParticleSystems":true,"showVisualEffectGraphs":true,"m_FxEnabled":true},"in2DMode":false,"pivot":{"x":0.12763336300849915,"y":1.119145393371582,"z":0.025717616081237794},"rotation":{"x":-0.022754574194550515,"y":-0.06983041763305664,"z":0.0015774345956742764,"w":-0.9973227381706238},"size":1.5339717864990235,"orthographic":false}